{
	"info": {
		"_postman_id": "f259fa9f-9f6f-4d02-a51d-c52e0a8fd8cb",
		"name": "comparte_link",
		"schema": "https://schema.getpostman.com/json/collection/v2.1.0/collection.json"
	},
	"item": [
		{
			"name": "POST users",
			"request": {
				"method": "POST",
				"header": [],
				"body": {
					"mode": "raw",
					"raw": "{\n    \"email\": \"raquel@email.com\",\n    \"password\": \"202020\",\n    \"name\" : \"raquel novoa\"\n}",
					"options": {
						"raw": {
							"language": "json"
						}
					}
				},
				"url": {
					"raw": "http://localhost:3000/users",
					"protocol": "http",
					"host": [
						"localhost"
					],
					"port": "3000",
					"path": [
						"users"
					]
				},
				"description": "crear usuario"
			},
			"response": []
		},
		{
			"name": "POST login",
			"request": {
				"auth": {
					"type": "noauth"
				},
				"method": "POST",
				"header": [],
				"body": {
					"mode": "raw",
					"raw": "{\n    \"email\": \"raquel@email.com\",\n    \"password\": \"202020\"\n    \n}",
					"options": {
						"raw": {
							"language": "json"
						}
					}
				},
				"url": {
					"raw": "http://localhost:3000/login",
					"protocol": "http",
					"host": [
						"localhost"
					],
					"port": "3000",
					"path": [
						"login"
					],
					"query": [
						{
							"key": "    \n",
							"value": "    \n",
							"disabled": true
						}
					]
				}
			},
			"response": []
		},
		{
			"name": "POST posts",
			"request": {
				"method": "POST",
				"header": [
					{
						"key": "Authorization",
						"value": "Bearer eyJhbGciOiJIUzI1NiIsInR5cCI6IkpXVCJ9.eyJpZCI6NCwiaWF0IjoxNjczOTU3NDE5LCJleHAiOjE2NzQwNDM4MTl9.RZnaZH1a57UD-liP8ZZgJ3hwvqUy2LUN2ncVhQXkXko",
						"type": "text"
					}
				],
				"body": {
					"mode": "raw",
					"raw": "{\n    \"title\": \"recetas\",\n    \"description\" : \"la mejor pagina de recetas\",\n    \"link\": \"www.cocina.com\"\n}",
					"options": {
						"raw": {
							"language": "json"
						}
					}
				},
				"url": {
					"raw": "http://localhost:4000/posts",
					"protocol": "http",
					"host": [
						"localhost"
					],
					"port": "4000",
					"path": [
						"posts"
					]
				},
				"description": "crear un post nuevo"
			},
			"response": []
		},
		{
			"name": "PUT post",
			"request": {
				"method": "PUT",
				"header": [
					{
						"key": "Authorization",
						"value": "bearer eyJhbGciOiJIUzI1NiIsInR5cCI6IkpXVCJ9.eyJpZCI6NCwiaWF0IjoxNjczOTIzOTg0LCJleHAiOjE2NzQwMTAzODR9.vXx-sD_MB_WELHgBUaXH2z-4yn11u13_7AAvgKlkToM",
						"type": "text"
					}
				],
				"body": {
					"mode": "raw",
					"raw": "{\n    \"title\": \"nuevo title\",\n    \"description\" : \"nueva descripcion\",\n    \"link\": \"nuevo link\"\n}",
					"options": {
						"raw": {
							"language": "json"
						}
					}
				},
				"url": {
					"raw": "http://localhost:4000/posts/2",
					"protocol": "http",
					"host": [
						"localhost"
					],
					"port": "4000",
					"path": [
						"posts",
						"2"
					]
				}
			},
			"response": []
		},
		{
			"name": "DELETE post",
			"request": {
				"method": "DELETE",
				"header": [
					{
						"key": "Authorization",
						"value": "Bearer eyJhbGciOiJIUzI1NiIsInR5cCI6IkpXVCJ9.eyJpZCI6NCwiaWF0IjoxNjczOTU3NDE5LCJleHAiOjE2NzQwNDM4MTl9.RZnaZH1a57UD-liP8ZZgJ3hwvqUy2LUN2ncVhQXkXko",
						"type": "text"
					}
				],
				"body": {
					"mode": "raw",
					"raw": "{\n    \"title\": \"nuevo title\",\n    \"description\" : \"nueva descripcion\",\n    \"link\": \"nuevo link\"\n}\n"
				},
				"url": {
					"raw": "http://localhost:4000/posts/4",
					"protocol": "http",
					"host": [
						"localhost"
					],
					"port": "4000",
					"path": [
						"posts",
						"4"
					]
				},
				"description": "borrar un post"
			},
			"response": []
		},
		{
			"name": "Get posts",
			"protocolProfileBehavior": {
				"disableBodyPruning": true
			},
			"request": {
				"method": "GET",
				"header": [],
				"body": {
					"mode": "raw",
					"raw": ""
				},
				"url": {
					"raw": "http://localhost:4000/posts",
					"protocol": "http",
					"host": [
						"localhost"
					],
					"port": "4000",
					"path": [
						"posts"
					]
				}
			},
			"response": []
		},
		{
			"name": "post like",
			"request": {
				"method": "POST",
				"header": [
					{
						"key": "Authorization",
						"value": "Bearer eyJhbGciOiJIUzI1NiIsInR5cCI6IkpXVCJ9.eyJpZCI6NCwiaWF0IjoxNjczOTU3NDE5LCJleHAiOjE2NzQwNDM4MTl9.RZnaZH1a57UD-liP8ZZgJ3hwvqUy2LUN2ncVhQXkXko",
						"type": "text"
					}
				],
				"body": {
					"mode": "raw",
					"raw": "",
					"options": {
						"raw": {
							"language": "json"
						}
					}
				},
				"url": {
					"raw": "http://localhost:4000/posts/3/like",
					"protocol": "http",
					"host": [
						"localhost"
					],
					"port": "4000",
					"path": [
						"posts",
						"3",
						"like"
					]
				},
				"description": "dar like a un post"
			},
			"response": []
		},
		{
			"name": "put avatar",
			"request": {
				"method": "PUT",
				"header": [
					{
						"key": "Authorization",
						"value": "Bearer eyJhbGciOiJIUzI1NiIsInR5cCI6IkpXVCJ9.eyJpZCI6NCwiaWF0IjoxNjczOTU3NDE5LCJleHAiOjE2NzQwNDM4MTl9.RZnaZH1a57UD-liP8ZZgJ3hwvqUy2LUN2ncVhQXkXko",
						"type": "text"
					}
				],
				"body": {
					"mode": "formdata",
					"formdata": [
						{
							"key": "avatar",
							"type": "file",
							"src": "/home/david/Imágenes/avatar1.png"
						}
					],
					"options": {
						"raw": {
							"language": "json"
						}
					}
				},
				"url": {
					"raw": "http://localhost:3000/users/4/avatar",
					"protocol": "http",
					"host": [
						"localhost"
					],
					"port": "3000",
					"path": [
						"users",
						"4",
						"avatar"
					]
				}
			},
			"response": []
		}
	]
}